lon,lat,title
34.7452511,32.0229589,"studio C בת ים
https://freefit.co.il/CLUBS/?CLUB=14433"
34.7858054,32.0701889,"Boost Fitness Center- Boxing
https://freefit.co.il/CLUBS/?CLUB=29606"
34.8390166,32.1238798,"Ninja Pro משתלה
https://freefit.co.il/CLUBS/?CLUB=27833"
34.8445545,32.1635134,"Daphne's fitness
https://freefit.co.il/CLUBS/?CLUB=25765"
34.7615723,32.0637773,"HTM - Health Throgh Movment Center
https://freefit.co.il/CLUBS/?CLUB=29453"
35.5704033,33.2061571,"Azofit
https://freefit.co.il/CLUBS/?CLUB=29615"
34.774085,32.0792616,"ONLINE pink room
https://freefit.co.il/CLUBS/?CLUB=27810"
35.0331845,31.8912355,"מכבים מרכז ספורט
https://freefit.co.il/CLUBS/?CLUB=27798"
34.7910913,32.1146398,"pink room צפון
https://freefit.co.il/CLUBS/?CLUB=27811"
34.7941452,32.111855,"studio C רמת אביב ג'
https://freefit.co.il/CLUBS/?CLUB=14420"
34.8857829,32.0990029,"studio C אם המושבות
https://freefit.co.il/CLUBS/?CLUB=14422"
34.7691438,32.0837897,"סטראדל אימון משקל גוף
https://freefit.co.il/CLUBS/?CLUB=29022"
35.0899818,32.8443337,"profit קריות
https://freefit.co.il/CLUBS/?CLUB=25649"
35.0727385,32.8287327,"My Gym
https://freefit.co.il/CLUBS/?CLUB=142"
35.1863736,32.1084266,"Ninja Climb
https://freefit.co.il/CLUBS/?CLUB=29440"
34.7850769,32.0657956,"פילאטיס עם ליהי ONLINE
https://freefit.co.il/CLUBS/?CLUB=29347"
34.8135069,31.9767809,"בית היוגה ראשל""צ ONLINE
https://freefit.co.il/CLUBS/?CLUB=29343"
34.7752989,32.095714,"Skyjump נמל כניסת ילדים
https://freefit.co.il/CLUBS/?CLUB=29379"
34.769051,32.085297,"Topsea טופסי סאפ
https://freefit.co.il/CLUBS/?CLUB=29628"
34.7793907,31.2452277,"בריכת בית החייל בבאר שבע
https://freefit.co.il/CLUBS/?CLUB=3371"
34.8254049,32.1644985,"מרכז הסקווש הרצליה- בוקר
https://freefit.co.il/CLUBS/?CLUB=240"
34.8285863,32.1116479,"ONLINE ReVital yoga רויטל יוגה
https://freefit.co.il/CLUBS/?CLUB=29340"
34.8312807,32.1073917,"zen מאמנים לחיים
https://freefit.co.il/CLUBS/?CLUB=27908"
34.867287,32.0879122,"ONLINE INBali Pilates
https://freefit.co.il/CLUBS/?CLUB=29442"
34.7752989,32.095714,"sky jump סקי גאמפ  פארק טרמפולינות ת""א
https://freefit.co.il/CLUBS/?CLUB=29377"
35.1774124,31.7644827,"מרכז הספורט בית טיילור
https://freefit.co.il/CLUBS/?CLUB=58"
35.159092,32.705302,"הסטודיו של אלה ברמת ישי
https://freefit.co.il/CLUBS/?CLUB=24648"
34.7972354,31.9233745,"קרוספיט Rose Valley Cr
https://freefit.co.il/CLUBS/?CLUB=4401"
35.0134412,32.7670707,"Pure Pilates אוסקר
https://freefit.co.il/CLUBS/?CLUB=29434"
34.9326803,31.9334072,"בריכת כפר דניאל
https://freefit.co.il/CLUBS/?CLUB=3366"
34.8124711,32.1644251,"HolmesPlace Premium+ הרצליה
https://freefit.co.il/CLUBS/?CLUB=23479"
35.1122849,31.8180339,"בריכת קיץ מעלה החמישה
https://freefit.co.il/CLUBS/?CLUB=19418"
35.208845,31.7502774,"profit ירושלים
https://freefit.co.il/CLUBS/?CLUB=19420"
35.1492541,31.7997497,"HolmesPlace מבשרת ציון
https://freefit.co.il/CLUBS/?CLUB=23476"
34.7797451,32.069966,"Bar Harel Yoga Studio
https://freefit.co.il/CLUBS/?CLUB=29642"
34.7753514,32.090328,"ספיר פילאטיס בשקיעה
https://freefit.co.il/CLUBS/?CLUB=29435"
35.1873731,31.7515014,"מטי סטודיו- מלחה ירושלים
https://freefit.co.il/CLUBS/?CLUB=87"
34.7572373,32.0549832,"Sunshine Sup
https://freefit.co.il/CLUBS/?CLUB=29418"
34.7793831,32.0498153,"Lifeflow.yoga
https://freefit.co.il/CLUBS/?CLUB=29624"
34.8233061,32.0666389,"HBS FITNESS
https://freefit.co.il/CLUBS/?CLUB=29183"
34.7660789,32.0701013,"Koala surf club השכרת גלשן
https://freefit.co.il/CLUBS/?CLUB=29599"
34.8017166,32.0985843,"Runners High
https://freefit.co.il/CLUBS/?CLUB=29102"
34.8812347,32.0342021,"DUX פילאטיס מכשירים
https://freefit.co.il/CLUBS/?CLUB=24640"
34.9943026,32.1218583,"קאנטרי אורנית
https://freefit.co.il/CLUBS/?CLUB=185"
34.9189638,32.257918,"קיר טיפוס בועז
https://freefit.co.il/CLUBS/?CLUB=29587"
34.9361964,32.2892876,"אימון נעים בפארק,קדימה צורן
https://freefit.co.il/CLUBS/?CLUB=27871"
34.9621736,32.4695742,"Icon Fitness  פרדס חנה
https://freefit.co.il/CLUBS/?CLUB=29436"
34.7860199,32.0984178,"kick it - נמרות תל אביב
https://freefit.co.il/CLUBS/?CLUB=29460"
34.8321218,32.1273426,"Berkofit
https://freefit.co.il/CLUBS/?CLUB=29284"
35.1873094,31.7514946,"בודי ליין חדר כושר בירושלים
https://freefit.co.il/CLUBS/?CLUB=215"
35.1112195,32.691913,"Nof'studio
https://freefit.co.il/CLUBS/?CLUB=29574"
34.8924475,32.2800461,"קרוספיט אבן יהודה
https://freefit.co.il/CLUBS/?CLUB=23616"
34.7760848,32.0901129,"דניאלה פילאטיס מכשירים - FITHOOD
https://freefit.co.il/CLUBS/?CLUB=29206"
34.7696196,32.0754003,"Yogis with Noam
https://freefit.co.il/CLUBS/?CLUB=29450"
35.2883264,33.0079486,"I Climb מעלות תרשיחא
https://freefit.co.il/CLUBS/?CLUB=27818"
34.8842993,32.1491408,"FitPoint HodhaSharon
https://freefit.co.il/CLUBS/?CLUB=29651"
34.8693034,32.0791927,"Pilates Joy&inspiration
https://freefit.co.il/CLUBS/?CLUB=28992"
34.7776708,32.0858362,"גוף ראשון מועדון כושר
https://freefit.co.il/CLUBS/?CLUB=202"
34.8499332,32.1544649,"בריכת גני הרצליה
https://freefit.co.il/CLUBS/?CLUB=23508"
34.9458873,32.0501436,"Extra gym חדר כושר
https://freefit.co.il/CLUBS/?CLUB=163"
35.5763018,33.2213865,"B active
https://freefit.co.il/CLUBS/?CLUB=3359"
34.7722644,31.9648911,"ONLINE My Fit Club של מיטל גבאי
https://freefit.co.il/CLUBS/?CLUB=29341"
34.8267416,32.0527287,"XtriM-אימוני שחיה וריצה רמת גן
https://freefit.co.il/CLUBS/?CLUB=27823"
34.8153885,32.0958836,"חיים באושר ובכושר
https://freefit.co.il/CLUBS/?CLUB=29028"
37.3264134,31.3866964,"ONLINE StretchMe
https://freefit.co.il/CLUBS/?CLUB=29493"
34.7793821,32.0640642,"טיומקין 16 פילאטיס מכשירים
https://freefit.co.il/CLUBS/?CLUB=29092"
34.7920649,32.077385,"Dance Community Club
https://freefit.co.il/CLUBS/?CLUB=29365"
34.8142239,31.2640641,"Icon Fitness באר שבע
https://freefit.co.il/CLUBS/?CLUB=25690"
34.8117167,32.0948331,"פארקור ישראל- רמת גן
https://freefit.co.il/CLUBS/?CLUB=29572"
34.9662035,32.103351,"סנדרה יוגה
https://freefit.co.il/CLUBS/?CLUB=29646"
34.7620497,32.0611655,"Yoga & pilates with Liz
https://freefit.co.il/CLUBS/?CLUB=29653"
34.785896,32.0864702,"מאי אברמוביץ פילאטיס מכשירים
https://freefit.co.il/CLUBS/?CLUB=29652"
35.1337201,32.7229664,"GO Strong
https://freefit.co.il/CLUBS/?CLUB=29312"
35.0471124,32.4642379,"פיטנס מינץ- חריש
https://freefit.co.il/CLUBS/?CLUB=25716"
34.8120751,31.2469568,"iJump באר שבע
https://freefit.co.il/CLUBS/?CLUB=25743"
34.8192821,32.0479671,"אננדה יוגה ואקרו יוגה
https://freefit.co.il/CLUBS/?CLUB=29287"
34.8247662,32.170811,"R.D.F Ran Dorsman Family
https://freefit.co.il/CLUBS/?CLUB=29558"
34.8727544,32.0801124,"אור בתנועה - סטודיו עם תוצאות
https://freefit.co.il/CLUBS/?CLUB=29452"
34.7965912,31.2315197,"Spirit Sport Club MMA
https://freefit.co.il/CLUBS/?CLUB=29399"
34.7969962,32.1636347,"I Climb בולדר , הרצליה
https://freefit.co.il/CLUBS/?CLUB=29191"
34.814086,32.1007762,"MyWay - אימוני ריצה
https://freefit.co.il/CLUBS/?CLUB=24628"
35.2338814,31.7505281,"מועדון הבדמינטון הפועל ירושלים
https://freefit.co.il/CLUBS/?CLUB=23574"
34.890497,32.0740183,"מ""ס המושבה בריכות שחייה
https://freefit.co.il/CLUBS/?CLUB=319"
34.8013007,31.2441917,"studio C באר שבע
https://freefit.co.il/CLUBS/?CLUB=14432"
34.9883201,32.7853721,"אורבן פלייס - סטודיו בוטיק לאימונים
https://freefit.co.il/CLUBS/?CLUB=29239"
35.5339914,32.7904786,"Icon Fitness טבריה
https://freefit.co.il/CLUBS/?CLUB=29058"
34.9320456,32.2657687,"בריכת עין ורד
https://freefit.co.il/CLUBS/?CLUB=23511"
34.8254049,32.1644985,"מרכז הסקווש הרצליה - ערב
https://freefit.co.il/CLUBS/?CLUB=25771"
34.7682001,31.991394,"Fitness room
https://freefit.co.il/CLUBS/?CLUB=25740"
34.9227609,32.0804067,"Tootiz
https://freefit.co.il/CLUBS/?CLUB=29061"
34.8372108,32.2629674,"מכון וינגייט מרכז הכושר והספורט
https://freefit.co.il/CLUBS/?CLUB=147"
34.8210646,32.0673466,"Ok fitness TRX Studio
https://freefit.co.il/CLUBS/?CLUB=24627"
37.3264134,31.3866964,"ONLINE Ok fitness TRX Studio
https://freefit.co.il/CLUBS/?CLUB=29477"
34.8425154,32.1135623,"friends
https://freefit.co.il/CLUBS/?CLUB=27849"
34.9491031,31.9990801,"Workout studio roie atal
https://freefit.co.il/CLUBS/?CLUB=29636"
34.8079971,32.0781055,"Studio24
https://freefit.co.il/CLUBS/?CLUB=29591"
34.8617927,32.2763972,"קיר טיפוס monkey-gym נתניה
https://freefit.co.il/CLUBS/?CLUB=23567"
35.1705538,31.7605446,"פיליפ לאון מרכז כושר וספורט
https://freefit.co.il/CLUBS/?CLUB=188"
34.8055416,32.0951763,"XtriM אימוני שחיה וריצה פ.הירקון
https://freefit.co.il/CLUBS/?CLUB=27829"
34.7695729,32.0665923,"Or Chapel
https://freefit.co.il/CLUBS/?CLUB=27865"
34.7649933,32.0682545,"go surf גו סרף - השכרת גלשן
https://freefit.co.il/CLUBS/?CLUB=29020"
34.8071098,32.1007303,"MA parkout פארק הירקון
https://freefit.co.il/CLUBS/?CLUB=28994"
35.5524028,32.4937166,"שירן פינקלשטיין- מעוז חיים
https://freefit.co.il/CLUBS/?CLUB=29011"
34.9842427,32.780058,"Pure Pilates ורדיה
https://freefit.co.il/CLUBS/?CLUB=29041"
34.7954442,32.0754108,"StretchMe
https://freefit.co.il/CLUBS/?CLUB=29121"
34.7823779,32.0921465,"לוטוס בית ליוגה ופילאטיס
https://freefit.co.il/CLUBS/?CLUB=29305"
34.7415797,31.8762481,"בריכת יבנה
https://freefit.co.il/CLUBS/?CLUB=3377"
34.9060939,32.4417487,"קאנטרי ספורטלנד חדרה
https://freefit.co.il/CLUBS/?CLUB=327"
37.3262501,31.3913948,"ONLINE פוקוס פיטנס
https://freefit.co.il/CLUBS/?CLUB=29510"
34.7738616,32.0910994,"נעם מורה לפילאטיס ONLINE
https://freefit.co.il/CLUBS/?CLUB=29437"
35.7858951,32.8331076,"סטודיו דינה בן ארי
https://freefit.co.il/CLUBS/?CLUB=27892"
34.771463,32.0882985,"סטודיו רעות,תל אביב
https://freefit.co.il/CLUBS/?CLUB=25793"
34.7616815,32.036491,"רשת הקאנטרי חולון
https://freefit.co.il/CLUBS/?CLUB=23544"
35.4775693,32.4809268,"שירן פינקלשטיין,קיבוץ רשפים
https://freefit.co.il/CLUBS/?CLUB=29010"
35.0718676,32.8098903,"iJump חיפה כניסת ילדים
https://freefit.co.il/CLUBS/?CLUB=25747"
34.7538932,31.7294468,"profit באר טוביה
https://freefit.co.il/CLUBS/?CLUB=23576"
37.3262501,31.3913948,"ONLINE סטודיו B
https://freefit.co.il/CLUBS/?CLUB=29501"
35.6590261,33.2394208,"Gil & Yoga
https://freefit.co.il/CLUBS/?CLUB=29611"
34.8873652,32.1073543,"iJump כניסת ילדים פתח תקווה
https://freefit.co.il/CLUBS/?CLUB=25748"
34.8170739,32.086465,"AIFIT אימון פונקציונלי, חדר כושר, קרוספי
https://freefit.co.il/CLUBS/?CLUB=25726"
34.5593316,31.6678988,"Icon Fitness  אשקלון סיטי
https://freefit.co.il/CLUBS/?CLUB=29438"
35.0921242,32.6090915,"The Buttons- אימוני רכיבה שטח/הרים יקנעם
https://freefit.co.il/CLUBS/?CLUB=29634"
34.8797829,32.061267,"זומבה עם חבי ONLINE
https://freefit.co.il/CLUBS/?CLUB=29376"
34.77763,32.0617724,"Romano box
https://freefit.co.il/CLUBS/?CLUB=29641"
34.7085129,31.7907494,"Pulse גן יבנה
https://freefit.co.il/CLUBS/?CLUB=28980"
34.7921795,31.9308819,"גו אקטיב - נס ציונה
https://freefit.co.il/CLUBS/?CLUB=85"
35.1466914,32.7594752,"נופשית מרכז ספורט ופנאי
https://freefit.co.il/CLUBS/?CLUB=27910"
34.7875183,32.1136403,"AGS סטודיו לאיומנים פונקציונליים
https://freefit.co.il/CLUBS/?CLUB=29346"
34.7735516,31.6038054,"RED Studio
https://freefit.co.il/CLUBS/?CLUB=29374"
34.89237,32.17368,"Profit כפר סבא
https://freefit.co.il/CLUBS/?CLUB=19426"
34.7716297,32.0825776,"תוואי מורה ליוגה ONLINE
https://freefit.co.il/CLUBS/?CLUB=29553"
34.9459759,32.2875177,"רותם ספורט
https://freefit.co.il/CLUBS/?CLUB=28997"
34.7774391,32.0806044,"inBali Pilates
https://freefit.co.il/CLUBS/?CLUB=29647"
34.7760972,32.0622798,"Vertical Fitness - TLV
https://freefit.co.il/CLUBS/?CLUB=29211"
34.7661002,31.9874657,"iJump ראשון לציון
https://freefit.co.il/CLUBS/?CLUB=25742"
35.081476,32.8217109,"שגית פילאטיס, קריית ביאליק
https://freefit.co.il/CLUBS/?CLUB=29027"
34.7997569,31.2341921,"IcePeaks- אייסיטי ב""ש
https://freefit.co.il/CLUBS/?CLUB=29253"
34.818534,31.9619366,"בריכה ומועדון ספורט נווה הדרים
https://freefit.co.il/CLUBS/?CLUB=23503"
35.294094,32.6036197,"Icon Fitness עפולה
https://freefit.co.il/CLUBS/?CLUB=23615"
34.7792276,32.0858996,"RPB Fitness Base
https://freefit.co.il/CLUBS/?CLUB=27887"
35.5520596,32.9696565,"פילאטיס סטודיו צפון
https://freefit.co.il/CLUBS/?CLUB=25703"
34.7890127,32.1134818,"Fitness Factory TLV
https://freefit.co.il/CLUBS/?CLUB=29098"
34.7699129,32.0828601,"Pilates sunset with Chen
https://freefit.co.il/CLUBS/?CLUB=29432"
34.9198553,32.0256726,"XtriM-אימוני שחיה וריצה בני עטרות
https://freefit.co.il/CLUBS/?CLUB=27828"
34.8033151,32.1783572,"שרנא ספא
https://freefit.co.il/CLUBS/?CLUB=27801"
34.8498486,32.3194633,"YOGAS - בית היוגה בנתניה
https://freefit.co.il/CLUBS/?CLUB=25754"
34.7677912,32.0625447,"דנה קפלנסקי - פיטנס בוטיק
https://freefit.co.il/CLUBS/?CLUB=29214"
34.7856607,32.098271,"BootCamp TLV‏
https://freefit.co.il/CLUBS/?CLUB=25678"
34.6426436,31.7946633,"Icon Fitness  אשדוד
https://freefit.co.il/CLUBS/?CLUB=24620"
34.8005498,31.8974826,"Beast מתקן אימוני אקסטרים
https://freefit.co.il/CLUBS/?CLUB=29159"
34.8464528,32.1786549,"ארבל קבוצות ריצה
https://freefit.co.il/CLUBS/?CLUB=29171"
34.8018017,32.0813201,"STUDIO BALANCE - borochov 54
https://freefit.co.il/CLUBS/?CLUB=18417"
35.1142546,32.6629051,"סטודיו ליבה
https://freefit.co.il/CLUBS/?CLUB=29151"
34.9188518,32.2579711,"peleg fit house
https://freefit.co.il/CLUBS/?CLUB=23557"
34.784291,32.0901629,"צליל פילאטיס
https://freefit.co.il/CLUBS/?CLUB=29614"
35.2277934,31.6528344,"סטודיו מירי תקוע
https://freefit.co.il/CLUBS/?CLUB=29167"
34.7710991,32.0838336,"גלים גורדון גלישת גלים
https://freefit.co.il/CLUBS/?CLUB=25684"
35.0973999,32.991715,"קאנטרי גן עברון - בריכה
https://freefit.co.il/CLUBS/?CLUB=7403"
34.7710991,32.0838336,"גלים גורדון- גלישת סאפ
https://freefit.co.il/CLUBS/?CLUB=25685"
34.8011555,32.0988826,"ONLINE MA parkout פארק הירקון
https://freefit.co.il/CLUBS/?CLUB=29333"
34.7677772,32.0828488,"פילאטיס עם ליהי
https://freefit.co.il/CLUBS/?CLUB=29274"
34.7725981,32.0798809,"סטודיו 33
https://freefit.co.il/CLUBS/?CLUB=29207"
34.9132047,29.4984407,"סנובה מרכז צלילה ושנורקלינג אילת
https://freefit.co.il/CLUBS/?CLUB=29626"
37.3264134,31.3866964,"ONLINE Tootiz
https://freefit.co.il/CLUBS/?CLUB=29487"
34.7836617,32.0773193,"HardCore Studio
https://freefit.co.il/CLUBS/?CLUB=29616"
34.768755,32.0840104,"א.ד. משוטים - סאפ/קיאק
https://freefit.co.il/CLUBS/?CLUB=29367"
34.7800642,32.0955148,"outdoor power
https://freefit.co.il/CLUBS/?CLUB=29185"
35.0157663,32.1717778,"מועדון ספורט אלפי מנשה
https://freefit.co.il/CLUBS/?CLUB=27803"
35.5798673,33.2780283,"מרכז קנדה חדר כושר ובריכה
https://freefit.co.il/CLUBS/?CLUB=25756"
34.9716747,32.7711657,"קרוספיט הטירה
https://freefit.co.il/CLUBS/?CLUB=29267"
34.8689492,32.0567986,"studio C גבעת סביון
https://freefit.co.il/CLUBS/?CLUB=14415"
34.778052,32.0653505,"ארז יוגה תל אביב
https://freefit.co.il/CLUBS/?CLUB=29099"
34.829153,32.1689069,"סטראדל הרצליה
https://freefit.co.il/CLUBS/?CLUB=29091"
34.7876802,32.0983769,"Endure אנדיור
https://freefit.co.il/CLUBS/?CLUB=29337"
34.7535022,32.0130677,"הסטודיו של חן מלכה
https://freefit.co.il/CLUBS/?CLUB=29637"
37.3264134,31.3866964,"ONLINE ברי יוגה B Yoga
https://freefit.co.il/CLUBS/?CLUB=29476"
37.3262501,31.3913948,"ONLINE אורלי יערי - יוגה ספייס
https://freefit.co.il/CLUBS/?CLUB=29527"
34.7701797,32.0856924,"next door חוזה רודריגז
https://freefit.co.il/CLUBS/?CLUB=28991"
34.8926883,32.2787,"PlayGround Sport Centers
https://freefit.co.il/CLUBS/?CLUB=23480"
34.7610791,32.0559133,"יוגה בנוגה
https://freefit.co.il/CLUBS/?CLUB=29066"
34.9878316,32.8044266,"הסטודיו חיפה - מרכז הכרמל
https://freefit.co.il/CLUBS/?CLUB=29657"
34.9207048,32.2577301,"8club אימונים פונקציונליים, תל מונד
https://freefit.co.il/CLUBS/?CLUB=25677"
34.774628,32.0318592,"ליאור ורדי - שיעורי מובמנט
https://freefit.co.il/CLUBS/?CLUB=29612"
34.8202899,32.1851771,"מ.ספורט ונופש כפר שמריהו
https://freefit.co.il/CLUBS/?CLUB=4399"
34.8192821,32.0479671,"אננדה יוגה ONLINE
https://freefit.co.il/CLUBS/?CLUB=29462"
35.0118674,32.7805855,"הסטודיו חיפה - נווה שאנן
https://freefit.co.il/CLUBS/?CLUB=27880"
34.9085124,32.1650518,"יוגה אווירית וערסלים- דליה דינאי
https://freefit.co.il/CLUBS/?CLUB=29269"
34.9389934,32.2969636,"FriendsFit tzoran
https://freefit.co.il/CLUBS/?CLUB=29607"
35.2617683,31.8651745,"JUMP  ג'אמפ שערי בנימין
https://freefit.co.il/CLUBS/?CLUB=4379"
35.0089143,32.3251872,"בריכת יד חנה
https://freefit.co.il/CLUBS/?CLUB=28930"
35.1943882,31.8178337,"MG סטודיו לנשים בלבד
https://freefit.co.il/CLUBS/?CLUB=27917"
37.3264134,31.3866964,"Inhale ONLINE
https://freefit.co.il/CLUBS/?CLUB=29521"
34.8122713,32.066037,"קומיוניפיט - א.פונקציונלים בחוץ
https://freefit.co.il/CLUBS/?CLUB=25662"
34.7649933,32.0682545,"go surf גו סרף - סאפ ואימונים
https://freefit.co.il/CLUBS/?CLUB=29021"
34.7840178,32.083817,"דני פילאטיס מכשירים
https://freefit.co.il/CLUBS/?CLUB=27889"
34.9284286,32.0537896,"Nina yoga
https://freefit.co.il/CLUBS/?CLUB=29443"
34.7705148,31.9935741,"profit חולון
https://freefit.co.il/CLUBS/?CLUB=19431"
35.5757222,32.6800447,"ROCA מועדון טיפוס
https://freefit.co.il/CLUBS/?CLUB=29455"
37.3262501,31.3913948,"ONLINE שירן פינקלשטיין
https://freefit.co.il/CLUBS/?CLUB=29512"
34.83967,32.1486458,"שגית פילאטיס, רמת השרון
https://freefit.co.il/CLUBS/?CLUB=29030"
34.8223701,32.1865829,"גולדן טרי קבוצת טריאתלון - הרצליה
https://freefit.co.il/CLUBS/?CLUB=29089"
35.2004745,31.7597729,"בית הנוער העברי בירושלים
https://freefit.co.il/CLUBS/?CLUB=21433"
34.7993746,32.004644,"rockiz חולון
https://freefit.co.il/CLUBS/?CLUB=29266"
35.1646251,32.7008871,"גקו קיר שגיא
https://freefit.co.il/CLUBS/?CLUB=29014"
35.2233731,31.7705026,"פארקור ישראל- ירושלים
https://freefit.co.il/CLUBS/?CLUB=29181"
35.3181524,32.7044197,"Profit נצרת עילית
https://freefit.co.il/CLUBS/?CLUB=25766"
34.8192821,32.0479671,"סטודיו מגוסטה ONLINE
https://freefit.co.il/CLUBS/?CLUB=29372"
35.1989808,31.7776688,"מרכז הספורט בקרית ספרא, גבעת רם
https://freefit.co.il/CLUBS/?CLUB=3352"
35.0935637,32.7977512,"רשת הקאנטרי קרית אתא
https://freefit.co.il/CLUBS/?CLUB=23541"
34.8452543,32.1395086,"סטודיו אוּמָא
https://freefit.co.il/CLUBS/?CLUB=29198"
34.7898858,32.0815158,"גו אקטיב - ויצמן תל אביב
https://freefit.co.il/CLUBS/?CLUB=78"
34.7997083,32.004485,"IcePeaks- היכל הקרח חולון
https://freefit.co.il/CLUBS/?CLUB=29252"
34.747009,32.226743,"Skyjump רעננה כניסת ילדים
https://freefit.co.il/CLUBS/?CLUB=29380"
34.787311,32.1180762,"גל לוי פילאטיס מכשירים
https://freefit.co.il/CLUBS/?CLUB=27912"
34.9027539,32.0793845,"ספורטר פתח תקווה
https://freefit.co.il/CLUBS/?CLUB=268"
34.7691699,32.0759276,"יעל גינזבורג יוגה
https://freefit.co.il/CLUBS/?CLUB=29394"
34.8024741,32.0885203,"סטודיו עוז מורג ברמת גן
https://freefit.co.il/CLUBS/?CLUB=273"
34.7884967,31.9845421,"מרכז הספורט רמת אליהו
https://freefit.co.il/CLUBS/?CLUB=29449"
34.8802834,32.0588857,"הסטודיו של נוגה
https://freefit.co.il/CLUBS/?CLUB=28955"
34.8955846,32.1951429,"שירה אורן פילאטיס- כפר סבא
https://freefit.co.il/CLUBS/?CLUB=29278"
34.8099042,31.9757121,"קרוספיט ראשון סיטי בראשון לציון
https://freefit.co.il/CLUBS/?CLUB=6401"
35.0973999,32.991715,"קאנטרי גן עברון - חדר כושר
https://freefit.co.il/CLUBS/?CLUB=20432"
34.7698751,32.0693195,"Bali Yoga
https://freefit.co.il/CLUBS/?CLUB=29070"
34.8995278,32.1385831,"Yuv Yoga
https://freefit.co.il/CLUBS/?CLUB=29315"
34.8758775,32.0562953,"fitness factory
https://freefit.co.il/CLUBS/?CLUB=1346"
34.7761612,32.079473,"NewFit
https://freefit.co.il/CLUBS/?CLUB=29424"
34.7702719,32.0540288,"Crossfit Florentin - קרוספיט פלורנטין
https://freefit.co.il/CLUBS/?CLUB=23559"
34.7416073,31.8762102,"בריכת כנות
https://freefit.co.il/CLUBS/?CLUB=3378"
34.8285957,32.1205988,"סטודיו גים,תל אביב
https://freefit.co.il/CLUBS/?CLUB=29009"
34.7749653,32.0995546,"XtriM אימוני שחיה וריצה נ.תל אביב
https://freefit.co.il/CLUBS/?CLUB=27820"
34.8116848,31.2589706,"Good run קבוצת ריצה
https://freefit.co.il/CLUBS/?CLUB=27845"
34.9175778,31.8464549,"חדר הכושר כרמי יוסף
https://freefit.co.il/CLUBS/?CLUB=27873"
34.7810418,31.9696082,"גו אקטיב - ראשון לציון
https://freefit.co.il/CLUBS/?CLUB=84"
34.8457022,32.2621726,"קושקה יוגה,אודים
https://freefit.co.il/CLUBS/?CLUB=27816"
34.7929424,31.9726947,"studio C ראשון לציון מערב
https://freefit.co.il/CLUBS/?CLUB=14437"
34.5726726,31.4149545,"Fitland נתיבות
https://freefit.co.il/CLUBS/?CLUB=24631"
34.8434414,32.1516598,"studio C צמרות הרצליה
https://freefit.co.il/CLUBS/?CLUB=14408"
34.574757,31.6757496,"ספורטר אשקלון
https://freefit.co.il/CLUBS/?CLUB=23485"
34.6329144,31.7999054,"פארקור ישראל- אשדוד
https://freefit.co.il/CLUBS/?CLUB=29180"
34.792946,32.066957,"ביקראם יוגה
https://freefit.co.il/CLUBS/?CLUB=29375"
34.8060558,31.9069366,"מרכז הנופש והספורט רחובות הפקולטה לחקלאו
https://freefit.co.il/CLUBS/?CLUB=209"
35.1140742,32.1707804,"מועדון ספורט קרני שומרון
https://freefit.co.il/CLUBS/?CLUB=25664"
34.770533,32.0595383,"ONLINE ספיראלה
https://freefit.co.il/CLUBS/?CLUB=29414"
35.1391109,31.7504131,"הסטודיו ליוגה בעמינדב
https://freefit.co.il/CLUBS/?CLUB=27899"
34.7726078,32.0967079,"אלהיוגה ONLINE
https://freefit.co.il/CLUBS/?CLUB=29339"
34.7908691,32.0989085,"Vered & Itai
https://freefit.co.il/CLUBS/?CLUB=29444"
34.8861703,32.0284507,"סטודיו אלמוג בית לפילאטיס מכשירים
https://freefit.co.il/CLUBS/?CLUB=29111"
34.8411085,32.1110461,"DOJO
https://freefit.co.il/CLUBS/?CLUB=29019"
34.8439859,32.1540275,"פילאטיס מכשירים גל קספרס
https://freefit.co.il/CLUBS/?CLUB=29301"
34.9843559,32.3780838,"סטודיו המעפיל- דין סער
https://freefit.co.il/CLUBS/?CLUB=29454"
34.9208393,32.1586641,"HELBUS
https://freefit.co.il/CLUBS/?CLUB=29618"
34.8550348,32.0822422,"XtriM-אימוני שחיה וריצה גבעת שמואל
https://freefit.co.il/CLUBS/?CLUB=27821"
34.9606306,32.7967693,"surf club חיפה
https://freefit.co.il/CLUBS/?CLUB=25670"
34.785896,32.0864702,"מאי אברמוביץ יוגה
https://freefit.co.il/CLUBS/?CLUB=29645"
+%D7%A8%D7%9E%D7%AA+%D7%92%D7%9F%E2%80%AD/,https://www.google.com/maps/place/%D7%92%D7%9F+%D7%93%D7%95%D7%93+%D7%94%D7%9E%D7%9C%D7%9A,"אימון בתנועה עם אבי ישראלי
https://freefit.co.il/CLUBS/?CLUB=29246"
34.8151034,32.0661221,"קאנטרי גבעתיים
https://freefit.co.il/CLUBS/?CLUB=25784"
34.9870326,32.7845343,"studio C חורב חיפה
https://freefit.co.il/CLUBS/?CLUB=14406"
35.5905157,33.2207002,"Motion community-נופית חרמון
https://freefit.co.il/CLUBS/?CLUB=27903"
35.2343237,31.7501145,"מרכז הספורט תלפז, ארמון הנציב
https://freefit.co.il/CLUBS/?CLUB=27819"
35.2035794,31.7879243,"JUMP ג'אמפ בנייני האומה
https://freefit.co.il/CLUBS/?CLUB=89"
34.9270529,32.1824765,"מועדון הריצה של גוון בכפר סבא
https://freefit.co.il/CLUBS/?CLUB=29457"
34.7814114,31.8170948,"Ayres Pilates - פילאטיס מכשירים
https://freefit.co.il/CLUBS/?CLUB=29306"
34.8339693,32.2731851,"במבו סרף גלישת גלים
https://freefit.co.il/CLUBS/?CLUB=29117"
34.9425376,32.5176642,"סטודיו נגה - המרכז לתרבות הגוף
https://freefit.co.il/CLUBS/?CLUB=29138"
34.7655438,32.0756463,"פוצ'יוולי- Arena Club ת""א
https://freefit.co.il/CLUBS/?CLUB=29157"
34.8063349,32.0884887,"סטודיו גאלופ בית ליוגה ופילאטיס
https://freefit.co.il/CLUBS/?CLUB=23601"
34.8738625,32.3155644,"פאר פילאטיס - מכשירים בנתניה
https://freefit.co.il/CLUBS/?CLUB=23562"
34.8120751,31.2469568,"iJump כניסת ילדים באר שבע
https://freefit.co.il/CLUBS/?CLUB=25746"
34.7874352,32.0934593,"Fittlv סטודיו וניס
https://freefit.co.il/CLUBS/?CLUB=25752"
35.0028174,31.9017438,"kangoo power -קנגו ג'אמפ דניאל פיטנס
https://freefit.co.il/CLUBS/?CLUB=29268"
34.858573,31.9341996,"NF studio- fitness 24/7 רמלה
https://freefit.co.il/CLUBS/?CLUB=29240"
34.8401974,31.8500809,"שולי אימון וכושר לנשים
https://freefit.co.il/CLUBS/?CLUB=29633"
34.7680148,32.087126,"May Moves - Pilates, Yoga, Dance
https://freefit.co.il/CLUBS/?CLUB=29441"
34.8150127,31.974495,"פלנט באולינג ראשל״צ
https://freefit.co.il/CLUBS/?CLUB=29389"
34.930623,32.1770015,"studio C כפר סבא
https://freefit.co.il/CLUBS/?CLUB=14425"
34.8594216,32.1287373,"Elad Michaeli Training Club
https://freefit.co.il/CLUBS/?CLUB=29630"
34.8682314,32.0933869,"אסף רז אימון פונקצינאלי פתח תקווה
https://freefit.co.il/CLUBS/?CLUB=28939"
34.7696467,32.085328,"מועדון לב הים
https://freefit.co.il/CLUBS/?CLUB=23560"
34.9654006,32.791351,"profit חיפה
https://freefit.co.il/CLUBS/?CLUB=21441"
34.7748819,32.0116121,"בריזה מרכז ספורט בחולון
https://freefit.co.il/CLUBS/?CLUB=242"
34.8625362,32.1781394,"My Choice
https://freefit.co.il/CLUBS/?CLUB=29313"
34.9326631,32.4404686,"Icon Fitness חדרה
https://freefit.co.il/CLUBS/?CLUB=23611"
34.9305545,32.4404983,"Hakir climbing club
https://freefit.co.il/CLUBS/?CLUB=28977"
34.8049527,32.0880804,"רוני.ש פילאטיס מכשירים במתחם הבורסה
https://freefit.co.il/CLUBS/?CLUB=29186"
34.7743144,32.0833898,"Fitstudio דיזינגוף
https://freefit.co.il/CLUBS/?CLUB=23617"
34.8596229,32.3657412,"גלים נעורים גלישת סאפ
https://freefit.co.il/CLUBS/?CLUB=25683"
34.7663848,32.0607397,"UpState
https://freefit.co.il/CLUBS/?CLUB=29595"
34.8277264,32.0585618,"איינגר יוגה רמת חן
https://freefit.co.il/CLUBS/?CLUB=27877"
34.8426681,32.2781752,"אימון נעים בפארק, עיר ימים
https://freefit.co.il/CLUBS/?CLUB=28961"
34.8135957,31.9768038,"בית היוגה ראשל""צ
https://freefit.co.il/CLUBS/?CLUB=29105"
37.3264134,31.3866964,"ONLINE פילאטיס בנחמני
https://freefit.co.il/CLUBS/?CLUB=29485"
34.8117676,32.065747,"סטודיו ירדן דבש
https://freefit.co.il/CLUBS/?CLUB=29319"
34.8717101,32.0973008,"ספורטן- פתח תקווה
https://freefit.co.il/CLUBS/?CLUB=4383"
34.8101792,32.1625653,"פאבליקה- חדר כושר בהרצליה
https://freefit.co.il/CLUBS/?CLUB=25673"
34.8499417,32.1532238,"איתנים- פילאטיס מכישרים
https://freefit.co.il/CLUBS/?CLUB=29247"
34.7761133,31.9970325,"Afit סטודיו לאימונים
https://freefit.co.il/CLUBS/?CLUB=29260"
34.7856237,32.0984092,"Hooplay‏
https://freefit.co.il/CLUBS/?CLUB=29083"
34.7632762,32.0558469,"Mala studio
https://freefit.co.il/CLUBS/?CLUB=29004"
34.7889861,32.0622813,"ויקינג מועדון טיפוס - תל אביב
https://freefit.co.il/CLUBS/?CLUB=22446"
34.8732505,32.0669224,"Run Positive קבוצת ריצה
https://freefit.co.il/CLUBS/?CLUB=29597"
34.911758,32.0225585,"הכיופית המשפחתית בני עטרות
https://freefit.co.il/CLUBS/?CLUB=3363"
35.0088075,31.8922662,"Putin's place - Pole Dance Fitness
https://freefit.co.il/CLUBS/?CLUB=29177"
34.7800563,32.0653448,"פילאטיס בנחמני
https://freefit.co.il/CLUBS/?CLUB=29196"
37.3262501,31.3913948,"ONLINE Live In Love Yoga - Maya & Idan
https://freefit.co.il/CLUBS/?CLUB=29505"
34.7581414,32.0532225,"SAMAYA
https://freefit.co.il/CLUBS/?CLUB=29213"
34.8584819,32.2648492,"ארז יוגה אודים
https://freefit.co.il/CLUBS/?CLUB=29093"
34.7789691,31.8177499,"no limit
https://freefit.co.il/CLUBS/?CLUB=28982"
35.2986927,31.7715252,"מטי סטודיו - מעלה אדומים
https://freefit.co.il/CLUBS/?CLUB=29203"
35.1648828,31.8635892,"בריכת השחיה גבעת זאב
https://freefit.co.il/CLUBS/?CLUB=22448"
34.7788141,32.0850668,"540 Club - Tricking in TLV
https://freefit.co.il/CLUBS/?CLUB=29230"
34.8807491,32.1965334,"vking רעננה
https://freefit.co.il/CLUBS/?CLUB=28956"
34.9685773,32.7879138,"Pure Pilates קסטרא
https://freefit.co.il/CLUBS/?CLUB=29276"
34.8133099,32.0816764,"my time- אימונים לנשים עסוקות במי
https://freefit.co.il/CLUBS/?CLUB=25772"
34.8327393,32.1430373,"קאנטרי רמת השרון
https://freefit.co.il/CLUBS/?CLUB=173"
34.8465476,32.3179177,"profit נתניה
https://freefit.co.il/CLUBS/?CLUB=27832"
34.8679453,32.2584122,"בריכת בית יהושוע
https://freefit.co.il/CLUBS/?CLUB=28928"
34.8174198,32.0796181,"ימית דגון-אימוני trx,גבעתיים
https://freefit.co.il/CLUBS/?CLUB=27879"
35.2095734,31.7521461,"SKY GYM
https://freefit.co.il/CLUBS/?CLUB=29103"
34.7840628,32.0974422,"FIT HOUSE PORT
https://freefit.co.il/CLUBS/?CLUB=29104"
34.9880318,31.7557711,"profit בית שמש
https://freefit.co.il/CLUBS/?CLUB=19421"
35.2007167,31.7897862,"ליידי פיטנס חדר כושר לנשים
https://freefit.co.il/CLUBS/?CLUB=311"
34.7699129,32.0828601,"תוואי מורה ליוגה
https://freefit.co.il/CLUBS/?CLUB=29403"
37.3264134,31.3866964,"ONLINE Motion community
https://freefit.co.il/CLUBS/?CLUB=29495"
37.3264134,31.3866964,"ONLINE Coach Elbazone
https://freefit.co.il/CLUBS/?CLUB=29486"
34.9966718,32.794997,"studio C ורדיה חיפה
https://freefit.co.il/CLUBS/?CLUB=14405"
34.8919163,32.1782679,"קאנטרי גלי השרון
https://freefit.co.il/CLUBS/?CLUB=3374"
34.8939614,32.107422,"Venga פתח תקווה-טיפוס קירות
https://freefit.co.il/CLUBS/?CLUB=22447"
34.7712512,32.0649008,"freelates תל-אביב
https://freefit.co.il/CLUBS/?CLUB=23496"
34.6344389,31.7843528,"studio C אשדוד
https://freefit.co.il/CLUBS/?CLUB=14431"
34.9263191,32.1835273,"קאנטרי כפר סבא
https://freefit.co.il/CLUBS/?CLUB=4397"
34.7661718,31.967776,"ONLINE יעל ישראל
https://freefit.co.il/CLUBS/?CLUB=29131"
34.9717623,32.4874238,"טוטם קיר טיפוס
https://freefit.co.il/CLUBS/?CLUB=29592"
34.8641134,32.0986769,"שלי בר פילאטיס פתח תקווה
https://freefit.co.il/CLUBS/?CLUB=4388"
35.063704,32.8182078,"Gael Burn&Shape
https://freefit.co.il/CLUBS/?CLUB=29620"
34.9213546,32.1815805,"OUTBOX - אימון אישי בקבוצה קטנה
https://freefit.co.il/CLUBS/?CLUB=29655"
34.7968527,32.0752575,"Iron Core
https://freefit.co.il/CLUBS/?CLUB=29162"
35.0171996,31.9060005,"GingeRun מודיעין
https://freefit.co.il/CLUBS/?CLUB=27897"
34.7695373,32.0557695,"DIDI YOGA
https://freefit.co.il/CLUBS/?CLUB=29317"
34.8551113,32.3205624,"מועדון כושר וריצה- רצים עם לורנס
https://freefit.co.il/CLUBS/?CLUB=28934"
34.9206782,32.4369747,"אווה ספורט - לנשים בלבד
https://freefit.co.il/CLUBS/?CLUB=27876"
37.3262501,31.3913948,"ONLINE May pilates & beyond
https://freefit.co.il/CLUBS/?CLUB=29499"
34.9269167,32.1750283,"Boulderland כפר סבא
https://freefit.co.il/CLUBS/?CLUB=22467"
34.7859191,32.0983707,"AcroYoga by Joe
https://freefit.co.il/CLUBS/?CLUB=29420"
34.8664776,32.1042714,"דרייב פיט
https://freefit.co.il/CLUBS/?CLUB=29459"
34.7980866,32.0916784,"Moshiko Bachar Fitness Studio
https://freefit.co.il/CLUBS/?CLUB=29422"
34.8018746,32.0748877,"מטרו מועדון כושר בוטיק
https://freefit.co.il/CLUBS/?CLUB=1343"
34.8843582,32.1032625,"כשגוף ונפש נפגשים
https://freefit.co.il/CLUBS/?CLUB=29373"
34.7833062,32.1009548,"Pilates Place
https://freefit.co.il/CLUBS/?CLUB=29165"
37.3264134,31.3866964,"ONLINE סטודיו ליפט
https://freefit.co.il/CLUBS/?CLUB=29481"
34.7706289,32.0697977,"אלון דוד יוגה
https://freefit.co.il/CLUBS/?CLUB=29388"
34.7697956,31.988609,"I Climb ראשון לציון
https://freefit.co.il/CLUBS/?CLUB=23532"
34.8136381,32.0700537,"Roni Yoga סטודיו אינטימי ליוגה
https://freefit.co.il/CLUBS/?CLUB=29235"
34.7699129,32.0828556,"יוגה עם מאיה
https://freefit.co.il/CLUBS/?CLUB=25715"
35.0119869,32.2420371,"קרוספיט שמשון
https://freefit.co.il/CLUBS/?CLUB=19419"
34.7908611,32.106383,"אסף רז
https://freefit.co.il/CLUBS/?CLUB=28938"
34.794364,32.1066432,"קומיוניפיט - שיעורי יוגה
https://freefit.co.il/CLUBS/?CLUB=25663"
35.1875348,31.7872175,"JUMP ג'אמפ כנפי נשירים לנשים בלבד
https://freefit.co.il/CLUBS/?CLUB=272"
35.0084002,31.8999417,"אגו מועדון הכושר במודיעין
https://freefit.co.il/CLUBS/?CLUB=102"
34.8092147,32.1007485,"RunwithMoshe
https://freefit.co.il/CLUBS/?CLUB=29404"
35.0774548,31.8091149,"קאנטרי נווה אילן
https://freefit.co.il/CLUBS/?CLUB=27888"
34.9210457,32.5193136,"Climbr קיר טיפוס
https://freefit.co.il/CLUBS/?CLUB=27842"
34.8758004,32.0562303,"JAB  גני תקווה
https://freefit.co.il/CLUBS/?CLUB=24626"
34.7512601,32.0142449,"profit בת ים
https://freefit.co.il/CLUBS/?CLUB=19428"
34.8197611,32.1048903,"גו אקטיב - הדר יוסף תל אביב
https://freefit.co.il/CLUBS/?CLUB=136"
34.7676297,32.0782225,"פארקור ישראל- תל אביב
https://freefit.co.il/CLUBS/?CLUB=29172"
34.9134621,32.4475649,"gym17
https://freefit.co.il/CLUBS/?CLUB=19429"
34.7943915,32.0740814,"Holmes Place עזריאלי Premium
https://freefit.co.il/CLUBS/?CLUB=25654"
34.9704899,32.3316084,"בריכת קדם
https://freefit.co.il/CLUBS/?CLUB=23510"
34.801392,32.054019,"V.E FITNESS
https://freefit.co.il/CLUBS/?CLUB=29448"
34.8472258,32.2956223,"STUDIO MY WAY
https://freefit.co.il/CLUBS/?CLUB=29119"
34.814064,32.0790968,"דוד שני אימונים פונקציונליים
https://freefit.co.il/CLUBS/?CLUB=29210"
34.8667727,32.2944755,"The Buttons - אימוני רכיבה שטח/הרים שרון
https://freefit.co.il/CLUBS/?CLUB=29635"
34.8376964,32.2700598,"Crossfit Green Beach
https://freefit.co.il/CLUBS/?CLUB=23555"
34.7739476,32.0901709,"שירה אורן פילאטיס ONLINE
https://freefit.co.il/CLUBS/?CLUB=29409"
34.7463962,31.8240716,"בריכת ישובי גדרות
https://freefit.co.il/CLUBS/?CLUB=3353"
35.2140382,31.7535999,"מטי סטודיו קניון הדר בירושלים
https://freefit.co.il/CLUBS/?CLUB=112"
34.8749716,32.310787,"אימון נעים בפארק,נתניה
https://freefit.co.il/CLUBS/?CLUB=27863"
34.8258551,32.0539642,"Kfar hamaccabia - כפר המכביה
https://freefit.co.il/CLUBS/?CLUB=16406"
34.7993689,31.9299801,"FiTime Fitness
https://freefit.co.il/CLUBS/?CLUB=28975"
37.3264134,31.3866964,"ONLINE פילאטיס עם דנה גוטמן
https://freefit.co.il/CLUBS/?CLUB=29475"
34.7700998,32.0634003,"ORY pilates
https://freefit.co.il/CLUBS/?CLUB=29245"
35.1516166,31.6561309,"חדר הכושר באפרת
https://freefit.co.il/CLUBS/?CLUB=23531"
34.7918568,31.9688435,"Let's Dudi
https://freefit.co.il/CLUBS/?CLUB=29222"
34.8552391,32.3201007,"studio C נתניה
https://freefit.co.il/CLUBS/?CLUB=14407"
34.7933702,32.120654,"שגית פילאטיס, רמת אביב
https://freefit.co.il/CLUBS/?CLUB=29029"
34.9194611,32.2696379,"אלונהתרפיה - ONLINE
https://freefit.co.il/CLUBS/?CLUB=29352"
34.8596229,32.3657412,"גלים חוף נעורים
https://freefit.co.il/CLUBS/?CLUB=25682"
34.8317346,32.1704796,"Body Motion הרצליה
https://freefit.co.il/CLUBS/?CLUB=27901"
37.3264134,31.3866964,"ONLINE Fitness Factory TLV
https://freefit.co.il/CLUBS/?CLUB=29484"
35.1738216,32.7075705,"A+ Premium Club
https://freefit.co.il/CLUBS/?CLUB=29229"
34.8004673,32.1705973,"פוצ'יוולי- Arena Club הרצליה
https://freefit.co.il/CLUBS/?CLUB=29360"
34.7967451,32.075347,"Niv Gradus - Pole Dance Studio
https://freefit.co.il/CLUBS/?CLUB=29296"
35.2156887,31.7535505,"מטי סטודיו קניון הדר פ.מכשירים
https://freefit.co.il/CLUBS/?CLUB=24636"
35.6090466,33.172885,"אופיר שתיל יציבה ותנועה נכונה
https://freefit.co.il/CLUBS/?CLUB=27854"
34.791745,31.930663,"סטודיו רעות,נס ציונה
https://freefit.co.il/CLUBS/?CLUB=25796"
34.7920649,32.077385,"ONLINE Dance Community
https://freefit.co.il/CLUBS/?CLUB=29417"
34.7877833,32.1152747,"מועדון הספורט רנסנס
https://freefit.co.il/CLUBS/?CLUB=25734"
34.7996917,31.9715916,"סטודיו יעל ישראל - סניף מרכז
https://freefit.co.il/CLUBS/?CLUB=29142"
34.9266166,32.501399,"Profit אור עקיבא
https://freefit.co.il/CLUBS/?CLUB=19432"
34.8971928,32.1967827,"אימוני חוץ בירוקה עם גל קלמנץ
https://freefit.co.il/CLUBS/?CLUB=29654"
35.1058677,32.6553668,"קפה בשטח - מועדון רכיבה
https://freefit.co.il/CLUBS/?CLUB=29244"
34.8616068,32.3254067,"HolmesPlace נתניה
https://freefit.co.il/CLUBS/?CLUB=23474"
37.3262501,31.3913948,"ONLINE יוגה עם בתשבע
https://freefit.co.il/CLUBS/?CLUB=29504"
34.7778056,32.0917824,"יוגה מרגה
https://freefit.co.il/CLUBS/?CLUB=25780"
34.7983477,31.8971915,"B-FIT פילאטיס מכשירים
https://freefit.co.il/CLUBS/?CLUB=125"
34.7694515,32.078075,"אור היוגה
https://freefit.co.il/CLUBS/?CLUB=61"
34.8497443,31.9144687,"בריכת ישרש
https://freefit.co.il/CLUBS/?CLUB=23514"
34.7737972,32.0670136,"המרכז לויג'נאנה יוגה
https://freefit.co.il/CLUBS/?CLUB=27852"
34.8114292,31.9312227,"רשת הקאנטרי נס ציונה
https://freefit.co.il/CLUBS/?CLUB=23546"
34.7760848,32.0901084,"Wisdom & Mindfulness
https://freefit.co.il/CLUBS/?CLUB=29226"
34.814064,32.0790968,"דוד שני אימונים פונקציונליים ONLINE
https://freefit.co.il/CLUBS/?CLUB=29429"
34.8020762,32.0986488,"אקרויוגה גיא שמשי
https://freefit.co.il/CLUBS/?CLUB=29451"
34.816708,32.0592153,"studio C גבעתיים
https://freefit.co.il/CLUBS/?CLUB=14414"
34.8076933,32.0965036,"Ninja Pro דקל
https://freefit.co.il/CLUBS/?CLUB=29631"
35.3075051,32.921519,"Icon Fitness כרמיאל
https://freefit.co.il/CLUBS/?CLUB=23612"
34.8192821,32.0479671,"ONLINE 8club
https://freefit.co.il/CLUBS/?CLUB=29470"
34.8823109,32.0726325,"בועז ספורט מועדון כושר
https://freefit.co.il/CLUBS/?CLUB=100"
35.1907432,31.7510851,"I Climb ירושלים
https://freefit.co.il/CLUBS/?CLUB=128"
37.3262501,31.3913948,"ONLINE הסטודיו של נוגה
https://freefit.co.il/CLUBS/?CLUB=29528"
34.7555699,32.0150965,"icon Fitness - בת ים
https://freefit.co.il/CLUBS/?CLUB=83"
34.9597516,29.5556794,"שיר ספורט סטודיו קצת אחר
https://freefit.co.il/CLUBS/?CLUB=27896"
34.7786244,31.263472,"studio Shape
https://freefit.co.il/CLUBS/?CLUB=3372"
34.9296722,32.1736543,"Icon Fitness כפר סבא
https://freefit.co.il/CLUBS/?CLUB=29212"
34.7948817,32.0969788,"Pilpelet
https://freefit.co.il/CLUBS/?CLUB=29573"
34.7480586,32.0025621,"רשת הקאנטרי בת ים
https://freefit.co.il/CLUBS/?CLUB=23543"
34.8457973,32.147401,"studio Mood
https://freefit.co.il/CLUBS/?CLUB=165"
35.3118035,32.9234482,"campus מועדון טיפוס,כרמיאל
https://freefit.co.il/CLUBS/?CLUB=27886"
35.0246675,31.7278017,"קרוספיט בית שמש
https://freefit.co.il/CLUBS/?CLUB=29608"
34.824513,32.1143276,"Fitstudio נאות אפקה
https://freefit.co.il/CLUBS/?CLUB=27836"
34.8107041,32.0818692,"Infinity Fitness
https://freefit.co.il/CLUBS/?CLUB=29355"
34.7959687,32.1643245,"ALOHA SUP שיעורי סאפ בקבוצות
https://freefit.co.il/CLUBS/?CLUB=23570"
34.8067861,31.2620464,"אוניברסיטת באר שבע
https://freefit.co.il/CLUBS/?CLUB=8401"
34.8110254,31.8912297,"סטודיו תמרה רחובות
https://freefit.co.il/CLUBS/?CLUB=29073"
34.7707405,31.9925054,"Bflexy
https://freefit.co.il/CLUBS/?CLUB=29613"
34.8458488,32.1364655,"סטודיו ליפט א.פונקציונלים ברמה""ש
https://freefit.co.il/CLUBS/?CLUB=25789"
34.8424922,32.1135715,"studio C עתידים
https://freefit.co.il/CLUBS/?CLUB=14413"
34.8941748,32.1020136,"Icon Fitness  פתח תקווה
https://freefit.co.il/CLUBS/?CLUB=28963"
35.0184996,31.8801923,"מועדון ריצה וכושר במודיעין - אדם חן
https://freefit.co.il/CLUBS/?CLUB=29087"
34.7697546,32.0637623,"Icon Fitness תל אביב
https://freefit.co.il/CLUBS/?CLUB=25717"
35.0589929,32.8088012,"I Climb חיפה
https://freefit.co.il/CLUBS/?CLUB=27806"
34.8337456,32.1270929,"הצעד הראשון - מועדון הריצה של חן רבי
https://freefit.co.il/CLUBS/?CLUB=29562"
34.747009,32.226743,"הסטודיו הפתוח - ארסוף קדם
https://freefit.co.il/CLUBS/?CLUB=29598"
34.9394157,32.2172998,"בדרך של הילה
https://freefit.co.il/CLUBS/?CLUB=29320"
34.9478185,32.2980624,"בריכת גאולים
https://freefit.co.il/CLUBS/?CLUB=23516"
37.3264134,31.3866964,"DIDI YOGA ONLINE
https://freefit.co.il/CLUBS/?CLUB=29412"
34.7741009,32.0272125,"פארקור ישראל- חולון
https://freefit.co.il/CLUBS/?CLUB=29179"
34.8371836,31.9373006,"מיכל ברק-אימון כושר ביחס אישי
https://freefit.co.il/CLUBS/?CLUB=29298"
34.8829578,32.1954164,"cuerpo
https://freefit.co.il/CLUBS/?CLUB=29016"
34.9361964,32.2892876,"רצי קדימה צורן-אימוני ריצה
https://freefit.co.il/CLUBS/?CLUB=27872"
34.8067006,31.253596,"Level up קבוצת ריצה
https://freefit.co.il/CLUBS/?CLUB=29084"
34.7711078,32.0783903,"SHIKLI'S Studio
https://freefit.co.il/CLUBS/?CLUB=29604"
34.8499417,32.1532238,"איתנים- קטלבלס
https://freefit.co.il/CLUBS/?CLUB=29248"
35.1234341,31.8299849,"דנידאנס פילאטיס מכשירים
https://freefit.co.il/CLUBS/?CLUB=29623"
35.004077,31.9020855,"צין ספורט בי'ס לשחיה והדרכת ספורט
https://freefit.co.il/CLUBS/?CLUB=29286"
34.829867,32.1275057,"DayCare נשים בהריון/לאחר לידה
https://freefit.co.il/CLUBS/?CLUB=25792"
34.7731043,32.0566067,"Press
https://freefit.co.il/CLUBS/?CLUB=29112"
34.7661002,31.9874657,"iJump כניסת ילדים ראשון לציון
https://freefit.co.il/CLUBS/?CLUB=25749"
34.9422725,32.1050484,"profit ראש העין
https://freefit.co.il/CLUBS/?CLUB=29461"
34.7372026,31.8824138,"חגית פילאטיס
https://freefit.co.il/CLUBS/?CLUB=29318"
34.8233888,32.062718,"פוקוס פיטנס
https://freefit.co.il/CLUBS/?CLUB=25758"
34.8034494,32.0414822,"המרכז לוויקבורד וסקי מים
https://freefit.co.il/CLUBS/?CLUB=25721"
35.1438324,32.2583375,"האקדמיה לריקוד בהנהלת מוריה אביטל
https://freefit.co.il/CLUBS/?CLUB=29231"
34.8220254,32.1047251,"MOVE!
https://freefit.co.il/CLUBS/?CLUB=29262"
35.1001452,31.7097828,"Caesars gym
https://freefit.co.il/CLUBS/?CLUB=29638"
34.90655,32.0849749,"Marco Fitness
https://freefit.co.il/CLUBS/?CLUB=29302"
35.2378369,31.797266,"מרכז הספורט ע""ש לרנר בירושלים
https://freefit.co.il/CLUBS/?CLUB=210"
34.8004118,31.9224384,"Profit נס ציונה
https://freefit.co.il/CLUBS/?CLUB=29575"
34.7881916,32.0935169,"fittlv סטודיו מילאנו
https://freefit.co.il/CLUBS/?CLUB=23538"
34.904588,32.5127602,"גו אקטיב - קיסריה
https://freefit.co.il/CLUBS/?CLUB=86"
34.7969962,32.1636347,"I Climb נינג'ה, הרצליה
https://freefit.co.il/CLUBS/?CLUB=29194"
34.7936634,31.8857672,"בריכת וייסגל
https://freefit.co.il/CLUBS/?CLUB=7401"
34.8332127,31.9369066,"רון תורג'מן אימונים פונקציונליים
https://freefit.co.il/CLUBS/?CLUB=29065"
34.8392908,32.1664856,"Icon Fitness הרצליה
https://freefit.co.il/CLUBS/?CLUB=24645"
34.8843657,32.1956558,"Piece of heaven
https://freefit.co.il/CLUBS/?CLUB=29395"
34.7764018,32.0837949,"סטודיו בית חנה
https://freefit.co.il/CLUBS/?CLUB=25672"
35.2804391,33.0216782,"Icon Fitness  מעלות
https://freefit.co.il/CLUBS/?CLUB=27841"
37.3262501,31.3913948,"ONLINE לוטוס- בית ליוגה ופילאטיס
https://freefit.co.il/CLUBS/?CLUB=29537"
34.7998162,32.1673611,"Reef Surf Club גלשן גלים
https://freefit.co.il/CLUBS/?CLUB=25761"
34.7998162,32.1673611,"Reef Surf Club סאפ
https://freefit.co.il/CLUBS/?CLUB=25760"
34.8070128,32.0063939,"Icon Fitness חולון
https://freefit.co.il/CLUBS/?CLUB=23613"
34.787509,31.8959262,"pipman team קבוצת הטריאתלון
https://freefit.co.il/CLUBS/?CLUB=29600"
34.8871051,32.1075887,"Profit פתח תקווה
https://freefit.co.il/CLUBS/?CLUB=19423"
35.0022803,32.239289,"FitCenter
https://freefit.co.il/CLUBS/?CLUB=29023"
34.908719,32.114026,"Nice Studio
https://freefit.co.il/CLUBS/?CLUB=23553"
34.9344178,32.3160416,"בריכת כפר יונה
https://freefit.co.il/CLUBS/?CLUB=27930"
34.8832167,32.1955845,"Total-E
https://freefit.co.il/CLUBS/?CLUB=28989"
34.784581,32.0869602,"Funfly Bungee Fitness
https://freefit.co.il/CLUBS/?CLUB=27898"
35.1058094,32.6573586,"The Buttons - אימוני שחיה יקנעם
https://freefit.co.il/CLUBS/?CLUB=29622"
35.0153948,32.3354654,"גריזלי בת חפר
https://freefit.co.il/CLUBS/?CLUB=29656"
34.8067311,31.2536045,"studio Level up אופיר חבר
https://freefit.co.il/CLUBS/?CLUB=27802"
34.8339693,32.2731851,"במבו סרף / Bamboo Surf
https://freefit.co.il/CLUBS/?CLUB=29116"
34.8452543,32.1395086,"ONLINE סטודיו אוּמָא
https://freefit.co.il/CLUBS/?CLUB=29334"
34.7692464,31.9710335,"sport center 360 ראשל""צ
https://freefit.co.il/CLUBS/?CLUB=25759"
35.1541261,32.4183979,"סו יוגה -  SOYOGA יוגה בנתניה
https://freefit.co.il/CLUBS/?CLUB=29168"
34.8246043,32.0748122,"אדיר ברק סטודיו ופילאטיס מכשירים
https://freefit.co.il/CLUBS/?CLUB=29283"
35.0122636,31.7982488,"בריכת מסילת ציון
https://freefit.co.il/CLUBS/?CLUB=3367"
37.3264134,31.3866964,"ONLINE פילאטיס מיכל הר אדר
https://freefit.co.il/CLUBS/?CLUB=29515"
34.7677363,31.9867231,"סיטי באולינג ראשל״צ
https://freefit.co.il/CLUBS/?CLUB=29390"
34.5880742,31.6633611,"סטודיו שמי בוקובזה
https://freefit.co.il/CLUBS/?CLUB=29610"
34.7795735,32.0803073,"יוגה יהודה
https://freefit.co.il/CLUBS/?CLUB=29643"
34.769051,32.085297,"Topsea טופסי גלשן
https://freefit.co.il/CLUBS/?CLUB=29629"
34.7716297,32.0825776,"Beat studio
https://freefit.co.il/CLUBS/?CLUB=24644"
34.8586703,32.1669872,"YOGA-Ronny.Tabak
https://freefit.co.il/CLUBS/?CLUB=28937"
34.82407,32.1651116,"HolmesPlace שבעת הכוכבים
https://freefit.co.il/CLUBS/?CLUB=23540"
34.910341,32.0420867,"בריכת בארות יצחק מבית ספורטר
https://freefit.co.il/CLUBS/?CLUB=23488"
34.918022,31.8919489,"פילאטיס מכשירים בכיף שלך
https://freefit.co.il/CLUBS/?CLUB=29426"
35.0916427,32.8454173,"HolmesPlace קריון
https://freefit.co.il/CLUBS/?CLUB=23472"
34.8639857,31.9257576,"Icon Fitness רמלה
https://freefit.co.il/CLUBS/?CLUB=28970"
34.9391881,32.5631741,"בריכת מעין צבי
https://freefit.co.il/CLUBS/?CLUB=27913"
34.8892827,32.1845292,"מרכז הסקווש רעננה - שעות שיא
https://freefit.co.il/CLUBS/?CLUB=29140"
34.8892827,32.1845292,"מרכז הסקווש רעננה
https://freefit.co.il/CLUBS/?CLUB=29139"
34.8045613,32.0690726,"גופאני
https://freefit.co.il/CLUBS/?CLUB=28973"
34.882261,32.1032746,"Profit אם המושבות
https://freefit.co.il/CLUBS/?CLUB=29175"
37.3262501,31.3913948,"ONLINE חיים באושר ובכושר
https://freefit.co.il/CLUBS/?CLUB=29535"
34.8005552,31.8974781,"Spower studio
https://freefit.co.il/CLUBS/?CLUB=29382"
34.9370453,32.1816638,"Doonik Pilates - ONLINE
https://freefit.co.il/CLUBS/?CLUB=29321"
35.2108507,31.8003202,"אגו בשבילך נשים בלבד
https://freefit.co.il/CLUBS/?CLUB=22461"
35.0142369,32.3320544,"אורלי יערי - יוגה ספייס
https://freefit.co.il/CLUBS/?CLUB=27921"
34.9007727,32.1773467,"מרכז ויצמן,סטודיו לפילאטיס וג'יירוטוניק
https://freefit.co.il/CLUBS/?CLUB=28996"
35.0390809,32.7782281,"Icon Fitness נשר
https://freefit.co.il/CLUBS/?CLUB=23614"
34.9008659,32.193452,"תמר צור פילאטיס מכשירים
https://freefit.co.il/CLUBS/?CLUB=25791"
34.8884649,32.0901413,"ריקי לוי - שיעורי יוגה
https://freefit.co.il/CLUBS/?CLUB=29433"
34.8875741,32.0986375,"Studio PWR
https://freefit.co.il/CLUBS/?CLUB=27905"
34.8992674,32.1814106,"מכון 33
https://freefit.co.il/CLUBS/?CLUB=29043"
34.8271458,32.0774936,"MIF- יעל גרף סטודיו ליוגה כושר ותנועה
https://freefit.co.il/CLUBS/?CLUB=29281"
34.8137632,31.2440503,"Laser City- לייזר טאג באר שבע
https://freefit.co.il/CLUBS/?CLUB=29261"
34.8613232,32.0718679,"ONLINE Infinity Fitness
https://freefit.co.il/CLUBS/?CLUB=29447"
34.78834,32.0984123,"I Climb תל אביב
https://freefit.co.il/CLUBS/?CLUB=25675"
34.8483672,32.1932184,"המרכז לשחייה וספורט רעננה
https://freefit.co.il/CLUBS/?CLUB=181"
34.8845554,32.0764167,"studio C רוטשילד, פתח תקווה
https://freefit.co.il/CLUBS/?CLUB=14419"
35.5774617,33.2197166,"IFIT
https://freefit.co.il/CLUBS/?CLUB=29088"
34.8527947,32.0752487,"בריכה ספורטר גבעת שמואל
https://freefit.co.il/CLUBS/?CLUB=23506"
34.9652625,32.7895822,"HolmesPlace קניון חיפה
https://freefit.co.il/CLUBS/?CLUB=23471"
34.820547,32.0747515,"דליה צמח,פילאטיס מכשירים
https://freefit.co.il/CLUBS/?CLUB=27813"
35.2401172,31.8379309,"מרכז הספורט, נווה יעקב
https://freefit.co.il/CLUBS/?CLUB=28929"
34.7929649,32.0048179,"פארק המים והקאנטרי ימית 2000
https://freefit.co.il/CLUBS/?CLUB=243"
34.812765,31.8800425,"Pulse רחובות
https://freefit.co.il/CLUBS/?CLUB=28978"
34.7890235,32.0718027,"1REBEL
https://freefit.co.il/CLUBS/?CLUB=29609"
34.7914064,31.9041637,"מועדון ספורט רחובות
https://freefit.co.il/CLUBS/?CLUB=28931"
34.8896528,32.2801733,"Takedown
https://freefit.co.il/CLUBS/?CLUB=29130"
34.7751922,32.0752627,"HolmesPlace Dizengoff ת""א
https://freefit.co.il/CLUBS/?CLUB=23469"
34.7726078,32.0967079,"אלהיוגה בנמל
https://freefit.co.il/CLUBS/?CLUB=27850"
34.7749799,32.0994675,"ענת הראל קבוצת כושר- תל אביב
https://freefit.co.il/CLUBS/?CLUB=29300"
34.8405637,31.8551378,"בריכת מזכרת בתיה
https://freefit.co.il/CLUBS/?CLUB=23501"
35.1727654,32.7060599,"studio C רמת ישי
https://freefit.co.il/CLUBS/?CLUB=14411"
35.399885,32.5554368,"שירן פינקלשטיין,קיבוץ תל יוסף
https://freefit.co.il/CLUBS/?CLUB=29012"
34.9258758,32.1737051,"Proteam אימון פונקציונאלי
https://freefit.co.il/CLUBS/?CLUB=25786"
34.5748206,31.6972943,"Icon Fitness  אשקלון
https://freefit.co.il/CLUBS/?CLUB=25667"
34.8843582,32.1032625,"כשגוף ונפש נפגשים ONLINE
https://freefit.co.il/CLUBS/?CLUB=29353"
34.7706069,31.9912241,"Pilates room
https://freefit.co.il/CLUBS/?CLUB=29071"
34.8900052,32.1981255,"סטודיו רעות כפר סבא
https://freefit.co.il/CLUBS/?CLUB=25797"
34.9867459,32.8009563,"מכבי חיפה מועדון כושר ובריכה
https://freefit.co.il/CLUBS/?CLUB=334"
34.858955,32.0864786,"NEW AGE STUDIO
https://freefit.co.il/CLUBS/?CLUB=29124"
35.3406605,31.9353653,"בריכת רימונים
https://freefit.co.il/CLUBS/?CLUB=23529"
34.8394058,32.0920916,"סטודיו - פילאטיס פלוס מכשירים
https://freefit.co.il/CLUBS/?CLUB=24641"
35.5710085,33.1199168,"מבואות חרמון-חדר כושר ובריכה
https://freefit.co.il/CLUBS/?CLUB=27796"
34.879539,32.1975256,"HolmesPlace Energy רננים
https://freefit.co.il/CLUBS/?CLUB=23473"
34.8641269,32.1933068,"מועדון הריצה של גוון ברעננה
https://freefit.co.il/CLUBS/?CLUB=25720"
34.8635361,32.0556254,"profit קרית אונו
https://freefit.co.il/CLUBS/?CLUB=23494"
34.747009,32.226743,"sky jump סקי גאמפ פארק טרמפולינות סניף ר
https://freefit.co.il/CLUBS/?CLUB=29378"
34.7967176,32.1192253,"קאנטרי קלאב נווה אביבים
https://freefit.co.il/CLUBS/?CLUB=68"
35.0066269,32.7729472,"Pure Pilates גולדה
https://freefit.co.il/CLUBS/?CLUB=29042"
35.0965676,32.9999574,"Icon Fitness  נהריה
https://freefit.co.il/CLUBS/?CLUB=27855"
34.9227609,32.0804067,"Tootiz - שיעור אימהות
https://freefit.co.il/CLUBS/?CLUB=29060"
34.7799464,32.0889183,"צ'אנדרה יוגה ONLINE
https://freefit.co.il/CLUBS/?CLUB=29465"
34.6681085,31.7665679,"Monkeys Climbing Gym- אשדוד
https://freefit.co.il/CLUBS/?CLUB=29560"
35.0699979,32.8121633,"studio C קריות
https://freefit.co.il/CLUBS/?CLUB=14409"
34.7884967,31.9845421,"המרכז הישראלי לקפוארה
https://freefit.co.il/CLUBS/?CLUB=25718"
34.8745383,32.15338,"studio C רעננה
https://freefit.co.il/CLUBS/?CLUB=14429"
34.7745856,32.0798994,"Adiyogi.tlv יוגה בצפון הישן
https://freefit.co.il/CLUBS/?CLUB=29398"
34.867943,32.3833023,"Fuerte Gym, קניון M הדרך
https://freefit.co.il/CLUBS/?CLUB=29310"
34.7716297,32.0825776,"המרכז לויג'נאנה יוגה ONLINE
https://freefit.co.il/CLUBS/?CLUB=29544"
35.1257212,32.7094919,"עיצוב מאוזן
https://freefit.co.il/CLUBS/?CLUB=27906"
34.7654571,31.6040304,"profit קריית גת
https://freefit.co.il/CLUBS/?CLUB=24621"
34.7760474,32.0901198,"Boost up  נעמי ועדן רבי - FITHOOD
https://freefit.co.il/CLUBS/?CLUB=29161"
34.8175804,32.1057595,"שיעורי טניס עם דימה
https://freefit.co.il/CLUBS/?CLUB=29046"
34.7658894,32.0723127,"Chilli Surf School‏ להשכרה בלבד
https://freefit.co.il/CLUBS/?CLUB=27807"
37.3264134,31.3866964,"ONLINE קומיוניפיט
https://freefit.co.il/CLUBS/?CLUB=29520"
34.8767966,32.0516012,"פילאטיס גים,סביון
https://freefit.co.il/CLUBS/?CLUB=29006"
34.8319538,32.1274649,"Two To Train ת""א
https://freefit.co.il/CLUBS/?CLUB=28960"
34.8285957,32.1205988,"פילאטיס גים,תל אביב
https://freefit.co.il/CLUBS/?CLUB=29005"
34.8020762,32.0986488,"אקרו יוגה ענבר אקרויוגה: לעוף בסטייל
https://freefit.co.il/CLUBS/?CLUB=29427"
34.7892611,31.2555244,"פארקור ישראל- באר שבע
https://freefit.co.il/CLUBS/?CLUB=29182"
34.8145101,32.0615135,"Me Time
https://freefit.co.il/CLUBS/?CLUB=29001"
34.7620497,32.061161,"YamYoga
https://freefit.co.il/CLUBS/?CLUB=29137"
34.7771,32.0260776,"איינגר יוגה חולון
https://freefit.co.il/CLUBS/?CLUB=25774"
34.7772278,32.0927375,"ליאור אסייג מדריכת יוגה
https://freefit.co.il/CLUBS/?CLUB=27885"
34.8037627,32.088294,"PEACH- מפעל לחיטוב ישבנים , רמת גן
https://freefit.co.il/CLUBS/?CLUB=29096"
34.7799464,32.0889183,"צ'אנדרה יוגה
https://freefit.co.il/CLUBS/?CLUB=198"
34.9945802,31.7477727,"מטי סטודיו- בית שמש
https://freefit.co.il/CLUBS/?CLUB=246"
34.8608093,31.934254,"רמלזה - סטודיו לקפוארה
https://freefit.co.il/CLUBS/?CLUB=29238"
35.2058312,31.7830449,"סטודיו BE 1
https://freefit.co.il/CLUBS/?CLUB=29593"
34.7737218,32.0825239,"C.I. fitness
https://freefit.co.il/CLUBS/?CLUB=29279"
34.8749716,32.310787,"רצי קריית השרון-אימוני ריצה
https://freefit.co.il/CLUBS/?CLUB=27862"
34.8281687,32.1184985,"RunForYourLife
https://freefit.co.il/CLUBS/?CLUB=27893"
34.7826855,32.0706612,"profit תל אביב
https://freefit.co.il/CLUBS/?CLUB=19427"
34.7814263,32.086131,"Zen Pilates&Movement
https://freefit.co.il/CLUBS/?CLUB=29471"
34.8067575,31.861196,"Get Wild
https://freefit.co.il/CLUBS/?CLUB=24618"
35.2493902,31.8187757,"מטי סטודיו-פסגת זאב
https://freefit.co.il/CLUBS/?CLUB=20430"
34.8666936,32.029858,"חדר הכושר פיטנס ביהוד
https://freefit.co.il/CLUBS/?CLUB=23618"
34.9194611,32.2696379,"אלונהתרפיה
https://freefit.co.il/CLUBS/?CLUB=29059"
34.7739476,32.0901709,"שירה אורן פילאטיס
https://freefit.co.il/CLUBS/?CLUB=29218"
37.3264134,31.3866964,"ONLINE Pilates sunset with Chen
https://freefit.co.il/CLUBS/?CLUB=29489"
34.9290504,32.1712695,"פלנט באולינג כפר סבא
https://freefit.co.il/CLUBS/?CLUB=29385"
34.8112472,32.078788,"Ems Body shape
https://freefit.co.il/CLUBS/?CLUB=29458"
34.7730257,32.0971902,"פילאטיס עם דנה גוטמן ביפו ובתל אביב
https://freefit.co.il/CLUBS/?CLUB=25731"
34.7598171,32.0569143,"surf station גלשן גלים
https://freefit.co.il/CLUBS/?CLUB=28943"
34.7830345,32.0686704,"Midtown Dance מרכז ת""א
https://freefit.co.il/CLUBS/?CLUB=23605"
34.8927755,32.2693987,"Fitness room by Body Motion
https://freefit.co.il/CLUBS/?CLUB=27895"
34.9724489,32.4452132,"בריכת תלמי אלעזר
https://freefit.co.il/CLUBS/?CLUB=27914"
34.9179581,32.2742935,"הבית הפנימי
https://freefit.co.il/CLUBS/?CLUB=29086"
34.816947,32.0840412,"profit רמת גן-לנשים בלבד
https://freefit.co.il/CLUBS/?CLUB=27834"
34.7740682,32.0901753,"Coach Elbazone
https://freefit.co.il/CLUBS/?CLUB=29136"
34.9105717,32.308992,"שושי לסטר פילאטיס מכשירים
https://freefit.co.il/CLUBS/?CLUB=26794"
34.8346187,32.2733312,"פוצ'יוולי- Arena Club חוף פולג
https://freefit.co.il/CLUBS/?CLUB=29361"
34.6630969,31.8108757,"Physcultura,אימון פונקצינאלי,אשדוד
https://freefit.co.il/CLUBS/?CLUB=27891"
35.5703973,33.2057193,"רוג'ום - מועדון טיפוס קריית שמונה
https://freefit.co.il/CLUBS/?CLUB=29189"
34.7829047,32.0687361,"האקדמיה לג'יוג'יטסו ו MMA
https://freefit.co.il/CLUBS/?CLUB=25694"
35.027127,32.1206854,"קאנטרי שערי תקווה
https://freefit.co.il/CLUBS/?CLUB=28954"
34.7539824,32.0119714,"Ninja all in - מתחם נינג׳ה וספורט אתגרי
https://freefit.co.il/CLUBS/?CLUB=29625"
34.7969292,31.2378585,"Elite Fighters Israel
https://freefit.co.il/CLUBS/?CLUB=29293"
35.0168247,31.9000659,"HolmesPlace Family מודיעין
https://freefit.co.il/CLUBS/?CLUB=23504"
37.3262501,31.3913948,"ONLINE מיכל ברק-אימון כושר ביחס אישי
https://freefit.co.il/CLUBS/?CLUB=29538"
34.8860256,32.0979053,"FIT 2 FLY
https://freefit.co.il/CLUBS/?CLUB=29154"
34.8000924,32.0961436,"רעות ענבר פילאטיס ועיצוב ONLINE
https://freefit.co.il/CLUBS/?CLUB=29322"
34.7843182,31.8037621,"pulse גדרה
https://freefit.co.il/CLUBS/?CLUB=28966"
34.9469407,29.5601983,"פיט אפ - Fit Up
https://freefit.co.il/CLUBS/?CLUB=29204"
35.2218033,31.7811231,"Star1gym
https://freefit.co.il/CLUBS/?CLUB=29596"
35.1039148,32.6555847,"Shaki-shape
https://freefit.co.il/CLUBS/?CLUB=28944"
34.8762093,31.939091,"NF studio-fitness 24/7 אפקה
https://freefit.co.il/CLUBS/?CLUB=29241"
35.08165,32.8404637,"Icon Fitness מוצקין
https://freefit.co.il/CLUBS/?CLUB=29031"
34.7898963,32.1001093,"TriAce
https://freefit.co.il/CLUBS/?CLUB=29545"
34.8819501,32.1025537,"My Pilates
https://freefit.co.il/CLUBS/?CLUB=29391"
34.7722229,31.9649153,"profit אשלים ראשון לציון
https://freefit.co.il/CLUBS/?CLUB=19433"
34.779683,32.0856853,"Inbar Trainer
https://freefit.co.il/CLUBS/?CLUB=29316"
34.8102633,31.8960685,"studio C רחובות
https://freefit.co.il/CLUBS/?CLUB=14438"
34.9884023,32.4830882,"רביב פילאטיס מכשירים
https://freefit.co.il/CLUBS/?CLUB=29002"
34.7700998,32.0634003,"ONLINE ORY pilates
https://freefit.co.il/CLUBS/?CLUB=29410"
34.7676038,31.9796529,"XtriM-אימוני שחיה וריצה ראשון לציון
https://freefit.co.il/CLUBS/?CLUB=27824"
34.783148,31.2452009,"HolmesPlace באר שבע
https://freefit.co.il/CLUBS/?CLUB=23477"
34.984223,31.7407534,"קאנטרי בית שמש
https://freefit.co.il/CLUBS/?CLUB=28972"
35.2204151,31.7916959,"סטודיו פילאטיס פלוס י""ם
https://freefit.co.il/CLUBS/?CLUB=23572"
34.858538,32.3262757,"שימה פילאטיס מכשירים
https://freefit.co.il/CLUBS/?CLUB=29126"
34.8199473,32.1047397,"גולדן טרי קבוצת טריאתלון - תל אביב
https://freefit.co.il/CLUBS/?CLUB=29090"
34.8063821,32.1631242,"חדר כושר NYX
https://freefit.co.il/CLUBS/?CLUB=29076"
34.827587,31.9394515,"בריכת יוענה- באר יעקב
https://freefit.co.il/CLUBS/?CLUB=25665"
34.6558299,31.8130549,"Profit אשדוד
https://freefit.co.il/CLUBS/?CLUB=19430"
34.7845334,32.0703439,"יוגה מחוץ למזרן
https://freefit.co.il/CLUBS/?CLUB=28981"
34.7705072,32.0520788,"בודהא בילדינג
https://freefit.co.il/CLUBS/?CLUB=29621"
34.8938355,32.1446428,"ספורטן - הוד השרון
https://freefit.co.il/CLUBS/?CLUB=4377"
34.8633926,32.19129,"פילאטיס גים,רעננה
https://freefit.co.il/CLUBS/?CLUB=29007"
34.76919,32.0551741,"Fight Club TLV
https://freefit.co.il/CLUBS/?CLUB=29035"
34.8395917,32.1185762,"ימית דגון-אימוני trx,תל אביב
https://freefit.co.il/CLUBS/?CLUB=27878"
34.8192821,32.0479671,"יוגה מרגה ONLINE
https://freefit.co.il/CLUBS/?CLUB=29464"
34.768755,32.0840104,"א.ד. משוטים - גלשן גלים
https://freefit.co.il/CLUBS/?CLUB=29368"
34.9149329,32.2824138,"קושקה יוגה,קדימה
https://freefit.co.il/CLUBS/?CLUB=27797"
34.8914682,32.192093,"White Pool כפר סבא
https://freefit.co.il/CLUBS/?CLUB=29017"
37.3264134,31.3866964,"ONLINE ליאור אסייג מדריכת יוגה
https://freefit.co.il/CLUBS/?CLUB=29523"
34.8873652,32.1073543,"iJump פתח תקווה
https://freefit.co.il/CLUBS/?CLUB=25745"
34.7513803,31.8822678,"chen24fit
https://freefit.co.il/CLUBS/?CLUB=29127"
35.1316426,31.8301638,"פילאטיס מיכל הר אדר
https://freefit.co.il/CLUBS/?CLUB=27846"
34.7815818,32.0715781,"פילאטיס סטודיו רוטשילד
https://freefit.co.il/CLUBS/?CLUB=25669"
34.9595605,29.5630935,"מתחם הפיטנס של אילת
https://freefit.co.il/CLUBS/?CLUB=23492"
34.820547,32.0747515,"דליה צמח סטודיו לחיטוב ופילאטיס
https://freefit.co.il/CLUBS/?CLUB=29003"
34.7745403,32.0575177,"Auriyoga
https://freefit.co.il/CLUBS/?CLUB=29397"
34.9099335,32.0723052,"בריכת שחייה מתנ""ס עמישב
https://freefit.co.il/CLUBS/?CLUB=29147"
34.7830251,32.0700718,"יוגה עם בתשבע
https://freefit.co.il/CLUBS/?CLUB=29400"
34.8049617,31.3725232,"פארקור ישראל- להבים
https://freefit.co.il/CLUBS/?CLUB=29178"
34.8358884,31.9417761,"טל אור - סטודיו לאימוני כושר
https://freefit.co.il/CLUBS/?CLUB=29251"
34.865856,32.0933275,"HolmesPlace פתח תקווה
https://freefit.co.il/CLUBS/?CLUB=23470"
34.8040936,32.0973029,"קאנטרי דקל
https://freefit.co.il/CLUBS/?CLUB=3361"
34.8439245,32.1185176,"ענבל מרציאנו- יוגה ופילאטיס
https://freefit.co.il/CLUBS/?CLUB=29421"
34.8953757,32.1551035,"פשוט לזוז הוד השרון
https://freefit.co.il/CLUBS/?CLUB=28957"
34.7788309,32.0950629,"קולנוע פאר מועדון כושר
https://freefit.co.il/CLUBS/?CLUB=151"
34.7847851,32.0790638,"Fittlv סטודיו צייטלין
https://freefit.co.il/CLUBS/?CLUB=23539"
35.1946114,31.8175013,"מטי סטודיו- רמות
https://freefit.co.il/CLUBS/?CLUB=29202"
34.8388509,32.2701537,"The Buttons - אימוני שחיה פולג
https://freefit.co.il/CLUBS/?CLUB=29627"
34.9431085,31.9923748,"מועדון ספורט שוהם
https://freefit.co.il/CLUBS/?CLUB=253"
34.7760937,31.9163447,"XtriM-אימוני שחיה וריצה נס ציונה
https://freefit.co.il/CLUBS/?CLUB=27822"
34.8668488,32.0718107,"קומיוניפיט - א.פונקציונלים בחוץ
https://freefit.co.il/CLUBS/?CLUB=25651"
34.8914899,32.192045,"Body Motion כפר סבא
https://freefit.co.il/CLUBS/?CLUB=24638"
37.3262501,31.3913948,"ONLINE יוביוגה תל אביב
https://freefit.co.il/CLUBS/?CLUB=29508"
35.1907678,31.7511123,"מטי סטודיו מלחה - פ.מכשירים
https://freefit.co.il/CLUBS/?CLUB=24637"
34.8285863,32.1116479,"ReVital yoga רויטל יוגה
https://freefit.co.il/CLUBS/?CLUB=29257"
34.7698751,32.0693195,"ONLINE Bali Yoga
https://freefit.co.il/CLUBS/?CLUB=29342"
34.8021753,31.963397,"Icon Fitness ראשון לציון
https://freefit.co.il/CLUBS/?CLUB=23502"
35.0132696,32.4749575,"ברי יוגה B Yoga
https://freefit.co.il/CLUBS/?CLUB=29255"
34.8789904,32.1942491,"רשת הקאנטרי רעננה
https://freefit.co.il/CLUBS/?CLUB=23542"
35.0718676,32.8098903,"iJump חיפה
https://freefit.co.il/CLUBS/?CLUB=25744"
34.7700431,31.9957063,"קאנטרי קלאב נופשונית
https://freefit.co.il/CLUBS/?CLUB=244"
34.9310897,32.175011,"סטודיו מגוסטה
https://freefit.co.il/CLUBS/?CLUB=27894"
35.6468313,33.2268918,"מועדון טניס שולחן מבואות החרמון
https://freefit.co.il/CLUBS/?CLUB=29603"
34.8322654,32.0879994,"ACTIVE online
https://freefit.co.il/CLUBS/?CLUB=29357"
34.8119691,32.1007733,"מועדון הריצה של גוון בתל אביב
https://freefit.co.il/CLUBS/?CLUB=25719"
37.3262501,31.3913948,"Studio Gravity יפו ONLINE
https://freefit.co.il/CLUBS/?CLUB=29536"
34.7905801,31.970194,"רשת הקאנטרי ראשון לציון
https://freefit.co.il/CLUBS/?CLUB=23545"
